<?xml version="1.0" encoding="UTF-8"?>
<beans xmlns="http://www.springframework.org/schema/beans"
	xmlns:xsi="http://www.w3.org/2001/XMLSchema-instance"
	xmlns:aop="http://www.springframework.org/schema/aop"
	xmlns:c="http://www.springframework.org/schema/c"
	xmlns:cache="http://www.springframework.org/schema/cache"
	xmlns:context="http://www.springframework.org/schema/context"
	xmlns:jdbc="http://www.springframework.org/schema/jdbc"
	xmlns:lang="http://www.springframework.org/schema/lang"
	xmlns:mvc="http://www.springframework.org/schema/mvc"
	xmlns:mybatis-spring="http://mybatis.org/schema/mybatis-spring"
	xmlns:p="http://www.springframework.org/schema/p"
	xmlns:tx="http://www.springframework.org/schema/tx"
	xsi:schemaLocation="http://www.springframework.org/schema/jdbc http://www.springframework.org/schema/jdbc/spring-jdbc-3.1.xsd
		http://www.springframework.org/schema/cache http://www.springframework.org/schema/cache/spring-cache-3.1.xsd
		http://www.springframework.org/schema/mvc http://www.springframework.org/schema/mvc/spring-mvc-3.1.xsd
		http://mybatis.org/schema/mybatis-spring http://mybatis.org/schema/mybatis-spring-1.2.xsd
		http://www.springframework.org/schema/beans https://www.springframework.org/schema/beans/spring-beans.xsd
		http://www.springframework.org/schema/context http://www.springframework.org/schema/context/spring-context-3.1.xsd
		http://www.springframework.org/schema/lang http://www.springframework.org/schema/lang/spring-lang-3.1.xsd
		http://www.springframework.org/schema/aop http://www.springframework.org/schema/aop/spring-aop-3.1.xsd
		http://www.springframework.org/schema/tx http://www.springframework.org/schema/tx/spring-tx-3.1.xsd">
	
		
	<!-- Root Context: defines shared resources visible to all other web components -->
	<!-- 데이터베이스 연결 -->
	<bean id="dataSource"
		class="org.springframework.jdbc.datasource.DriverManagerDataSource">
		<property name="driverClassName" value="oracle.jdbc.driver.OracleDriver" />
		
		<property name="url" value="jdbc:oracle:thin:@localhost:1521:XE" />
		<property name="username" value="ROK" />	
		<property name="password" value="1234" />
	</bean>
	
	<!-- mapperLocation 위치 확인!!!!!!!!!!!!!!!!!!!!!!!!!!!!!!!!!!!!!!!!!!!!!!! -->
	<bean id="sqlSessionFactory" class="org.mybatis.spring.SqlSessionFactoryBean">
		<property name="dataSource" ref="dataSource"/>
		<property name="configLocation" value="classpath:/mybatis-config.xml"/>
		
		<!-- 여기 package 이름 확인!! -->
		<property name="mapperLocations" value="classpath:com/icia/tour/mapper/*.xml" />
	</bean>
	
	<bean id="sqlSession" class="org.mybatis.spring.SqlSessionTemplate">
		<constructor-arg name="sqlSessionFactory" ref="sqlSessionFactory"/>
	</bean>
	
	<bean id="transactionManager" class="org.springframework.jdbc.datasource.DataSourceTransactionManager">
		<property name="dataSource" ref="dataSource" />	
	</bean>
	
	<!-- 비밀번호 암호화 : spring security -->  
	<bean id="bcryptPasswordEncoder" 
		  class="org.springframework.security.crypto.bcrypt.BCryptPasswordEncoder"/>

</beans>